{
  "fastapi_rag_baseline_recursive_1024": {
    "recall@5": {
      "mean": 0.17678571428571427,
      "min": 0.0,
      "max": 0.8333333333333334,
      "std": 0.25163932477504913,
      "count": 10
    },
    "precision@5": {
      "mean": 0.22000000000000003,
      "min": 0.0,
      "max": 1.0,
      "std": 0.31559467676119,
      "count": 10
    },
    "mrr": {
      "mean": 0.35,
      "min": 0.0,
      "max": 1.0,
      "std": 0.43588989435406733,
      "count": 10
    }
  },
  "fastapi_rag_markdown_512": {
    "recall@5": {
      "mean": 0.11357142857142857,
      "min": 0.0,
      "max": 0.6,
      "std": 0.1828473769713586,
      "count": 10
    },
    "precision@5": {
      "mean": 0.14,
      "min": 0.0,
      "max": 0.6,
      "std": 0.2009975124224178,
      "count": 10
    },
    "mrr": {
      "mean": 0.25333333333333335,
      "min": 0.0,
      "max": 1.0,
      "std": 0.38850139424889235,
      "count": 10
    }
  }
}