{
  "version": "4530f7569b81",
  "num_questions": 10,
  "num_evaluated": 10,
  "num_skipped": 0,
  "metrics": {
    "recall@5": {
      "mean": 0.1767857142857143,
      "std": 0.2516393247750491,
      "values": [
        0.0,
        0.14285714285714285,
        0.8333333333333334,
        0.25,
        0.0,
        0.375,
        0.0,
        0.0,
        0.0,
        0.16666666666666666
      ]
    },
    "precision@5": {
      "mean": 0.22000000000000003,
      "std": 0.31559467676119,
      "values": [
        0.0,
        0.2,
        1.0,
        0.2,
        0.0,
        0.6,
        0.0,
        0.0,
        0.0,
        0.2
      ]
    },
    "mrr": {
      "mean": 0.35,
      "std": 0.43588989435406733,
      "values": [
        0.0,
        1.0,
        1.0,
        0.25,
        0.0,
        1.0,
        0.0,
        0.0,
        0.0,
        0.25
      ]
    }
  }
}