{
  "version": "e6233de3342d",
  "num_questions": 10,
  "num_evaluated": 10,
  "num_skipped": 0,
  "metrics": {
    "recall@5": {
      "mean": 0.11357142857142857,
      "std": 0.1828473769713586,
      "values": [
        0.0,
        0.14285714285714285,
        0.6,
        0.0,
        0.0,
        0.25,
        0.0,
        0.0,
        0.14285714285714285,
        0.0
      ]
    },
    "precision@5": {
      "mean": 0.14,
      "std": 0.2009975124224178,
      "values": [
        0.0,
        0.2,
        0.6,
        0.0,
        0.0,
        0.4,
        0.0,
        0.0,
        0.2,
        0.0
      ]
    },
    "mrr": {
      "mean": 0.2533333333333333,
      "std": 0.38850139424889235,
      "values": [
        0.0,
        0.3333333333333333,
        1.0,
        0.0,
        0.0,
        1.0,
        0.0,
        0.0,
        0.2,
        0.0
      ]
    }
  }
}